name,iso2,calling_code,flag
Aruba,AW,+297,ğŸ‡¦ğŸ‡¼
Afghanistan,AF,+93,ğŸ‡¦ğŸ‡«
Angola,AO,+244,ğŸ‡¦ğŸ‡´
Anguilla,AI,+1264,ğŸ‡¦ğŸ‡®
"Ã…land Islands",AX,+35818,ğŸ‡¦ğŸ‡½
Albania,AL,+355,ğŸ‡¦ğŸ‡±
Andorra,AD,+376,ğŸ‡¦ğŸ‡©
"United Arab Emirates",AE,+971,ğŸ‡¦ğŸ‡ª
Argentina,AR,+54,ğŸ‡¦ğŸ‡·
Armenia,AM,+374,ğŸ‡¦ğŸ‡²
"American Samoa",AS,+1684,ğŸ‡¦ğŸ‡¸
Antarctica,AQ,,ğŸ‡¦ğŸ‡¶
"French Southern and Antarctic Lands",TF,+262,ğŸ‡¹ğŸ‡«
"Antigua and Barbuda",AG,+1268,ğŸ‡¦ğŸ‡¬
Australia,AU,+61,ğŸ‡¦ğŸ‡º
Austria,AT,+43,ğŸ‡¦ğŸ‡¹
Azerbaijan,AZ,+994,ğŸ‡¦ğŸ‡¿
Burundi,BI,+257,ğŸ‡§ğŸ‡®
Belgium,BE,+32,ğŸ‡§ğŸ‡ª
Benin,BJ,+229,ğŸ‡§ğŸ‡¯
"Burkina Faso",BF,+226,ğŸ‡§ğŸ‡«
Bangladesh,BD,+880,ğŸ‡§ğŸ‡©
Bulgaria,BG,+359,ğŸ‡§ğŸ‡¬
Bahrain,BH,+973,ğŸ‡§ğŸ‡­
Bahamas,BS,+1242,ğŸ‡§ğŸ‡¸
"Bosnia and Herzegovina",BA,+387,ğŸ‡§ğŸ‡¦
"Saint BarthÃ©lemy",BL,+590,ğŸ‡§ğŸ‡±
"Saint Helena, Ascension and Tristan da Cunha",SH,+290,ğŸ‡¸ğŸ‡­
Belarus,BY,+375,ğŸ‡§ğŸ‡¾
Belize,BZ,+501,ğŸ‡§ğŸ‡¿
Bermuda,BM,+1441,ğŸ‡§ğŸ‡²
Bolivia,BO,+591,ğŸ‡§ğŸ‡´
"Caribbean Netherlands",BQ,+599,
Brazil,BR,+55,ğŸ‡§ğŸ‡·
Barbados,BB,+1246,ğŸ‡§ğŸ‡§
Brunei,BN,+673,ğŸ‡§ğŸ‡³
Bhutan,BT,+975,ğŸ‡§ğŸ‡¹
"Bouvet Island",BV,+47,ğŸ‡§ğŸ‡»
Botswana,BW,+267,ğŸ‡§ğŸ‡¼
"Central African Republic",CF,+236,ğŸ‡¨ğŸ‡«
Canada,CA,+1204,ğŸ‡¨ğŸ‡¦
"Cocos (Keeling) Islands",CC,+61,ğŸ‡¨ğŸ‡¨
Switzerland,CH,+41,ğŸ‡¨ğŸ‡­
Chile,CL,+56,ğŸ‡¨ğŸ‡±
China,CN,+86,ğŸ‡¨ğŸ‡³
"Ivory Coast",CI,+225,ğŸ‡¨ğŸ‡®
Cameroon,CM,+237,ğŸ‡¨ğŸ‡²
"DR Congo",CD,+243,ğŸ‡¨ğŸ‡©
Congo,CG,+242,ğŸ‡¨ğŸ‡¬
"Cook Islands",CK,+682,ğŸ‡¨ğŸ‡°
Colombia,CO,+57,ğŸ‡¨ğŸ‡´
Comoros,KM,+269,ğŸ‡°ğŸ‡²
"Cape Verde",CV,+238,ğŸ‡¨ğŸ‡»
"Costa Rica",CR,+506,ğŸ‡¨ğŸ‡·
Cuba,CU,+53,ğŸ‡¨ğŸ‡º
CuraÃ§ao,CW,+599,ğŸ‡¨ğŸ‡¼
"Christmas Island",CX,+61,ğŸ‡¨ğŸ‡½
"Cayman Islands",KY,+1345,ğŸ‡°ğŸ‡¾
Cyprus,CY,+357,ğŸ‡¨ğŸ‡¾
Czechia,CZ,+420,ğŸ‡¨ğŸ‡¿
Germany,DE,+49,ğŸ‡©ğŸ‡ª
Djibouti,DJ,+253,ğŸ‡©ğŸ‡¯
Dominica,DM,+1767,ğŸ‡©ğŸ‡²
Denmark,DK,+45,ğŸ‡©ğŸ‡°
"Dominican Republic",DO,+1809,ğŸ‡©ğŸ‡´
Algeria,DZ,+213,ğŸ‡©ğŸ‡¿
Ecuador,EC,+593,ğŸ‡ªğŸ‡¨
Egypt,EG,+20,ğŸ‡ªğŸ‡¬
Eritrea,ER,+291,ğŸ‡ªğŸ‡·
"Western Sahara",EH,+2125288,ğŸ‡ªğŸ‡­
Spain,ES,+34,ğŸ‡ªğŸ‡¸
Estonia,EE,+372,ğŸ‡ªğŸ‡ª
Ethiopia,ET,+251,ğŸ‡ªğŸ‡¹
Finland,FI,+358,ğŸ‡«ğŸ‡®
Fiji,FJ,+679,ğŸ‡«ğŸ‡¯
"Falkland Islands",FK,+500,ğŸ‡«ğŸ‡°
France,FR,+33,ğŸ‡«ğŸ‡·
"Faroe Islands",FO,+298,ğŸ‡«ğŸ‡´
Micronesia,FM,+691,ğŸ‡«ğŸ‡²
Gabon,GA,+241,ğŸ‡¬ğŸ‡¦
"United Kingdom",GB,+44,ğŸ‡¬ğŸ‡§
Georgia,GE,+995,ğŸ‡¬ğŸ‡ª
Guernsey,GG,+44,ğŸ‡¬ğŸ‡¬
Ghana,GH,+233,ğŸ‡¬ğŸ‡­
Gibraltar,GI,+350,ğŸ‡¬ğŸ‡®
Guinea,GN,+224,ğŸ‡¬ğŸ‡³
Guadeloupe,GP,+590,ğŸ‡¬ğŸ‡µ
Gambia,GM,+220,ğŸ‡¬ğŸ‡²
Guinea-Bissau,GW,+245,ğŸ‡¬ğŸ‡¼
"Equatorial Guinea",GQ,+240,ğŸ‡¬ğŸ‡¶
Greece,GR,+30,ğŸ‡¬ğŸ‡·
Grenada,GD,+1473,ğŸ‡¬ğŸ‡©
Greenland,GL,+299,ğŸ‡¬ğŸ‡±
Guatemala,GT,+502,ğŸ‡¬ğŸ‡¹
"French Guiana",GF,+594,ğŸ‡¬ğŸ‡«
Guam,GU,+1671,ğŸ‡¬ğŸ‡º
Guyana,GY,+592,ğŸ‡¬ğŸ‡¾
"Hong Kong",HK,+852,ğŸ‡­ğŸ‡°
"Heard Island and McDonald Islands",HM,,ğŸ‡­ğŸ‡²
Honduras,HN,+504,ğŸ‡­ğŸ‡³
Croatia,HR,+385,ğŸ‡­ğŸ‡·
Haiti,HT,+509,ğŸ‡­ğŸ‡¹
Hungary,HU,+36,ğŸ‡­ğŸ‡º
Indonesia,ID,+62,ğŸ‡®ğŸ‡©
"Isle of Man",IM,+44,ğŸ‡®ğŸ‡²
India,IN,+91,ğŸ‡®ğŸ‡³
"British Indian Ocean Territory",IO,+246,ğŸ‡®ğŸ‡´
Ireland,IE,+353,ğŸ‡®ğŸ‡ª
Iran,IR,+98,ğŸ‡®ğŸ‡·
Iraq,IQ,+964,ğŸ‡®ğŸ‡¶
Iceland,IS,+354,ğŸ‡®ğŸ‡¸
Israel,IL,+972,ğŸ‡®ğŸ‡±
Italy,IT,+39,ğŸ‡®ğŸ‡¹
Jamaica,JM,+1876,ğŸ‡¯ğŸ‡²
Jersey,JE,+44,ğŸ‡¯ğŸ‡ª
Jordan,JO,+962,ğŸ‡¯ğŸ‡´
Japan,JP,+81,ğŸ‡¯ğŸ‡µ
Kazakhstan,KZ,+76,ğŸ‡°ğŸ‡¿
Kenya,KE,+254,ğŸ‡°ğŸ‡ª
Kyrgyzstan,KG,+996,ğŸ‡°ğŸ‡¬
Cambodia,KH,+855,ğŸ‡°ğŸ‡­
Kiribati,KI,+686,ğŸ‡°ğŸ‡®
"Saint Kitts and Nevis",KN,+1869,ğŸ‡°ğŸ‡³
"South Korea",KR,+82,ğŸ‡°ğŸ‡·
Kosovo,XK,+383,ğŸ‡½ğŸ‡°
Kuwait,KW,+965,ğŸ‡°ğŸ‡¼
Laos,LA,+856,ğŸ‡±ğŸ‡¦
Lebanon,LB,+961,ğŸ‡±ğŸ‡§
Liberia,LR,+231,ğŸ‡±ğŸ‡·
Libya,LY,+218,ğŸ‡±ğŸ‡¾
"Saint Lucia",LC,+1758,ğŸ‡±ğŸ‡¨
Liechtenstein,LI,+423,ğŸ‡±ğŸ‡®
"Sri Lanka",LK,+94,ğŸ‡±ğŸ‡°
Lesotho,LS,+266,ğŸ‡±ğŸ‡¸
Lithuania,LT,+370,ğŸ‡±ğŸ‡¹
Luxembourg,LU,+352,ğŸ‡±ğŸ‡º
Latvia,LV,+371,ğŸ‡±ğŸ‡»
Macau,MO,+853,ğŸ‡²ğŸ‡´
"Saint Martin",MF,+590,ğŸ‡²ğŸ‡«
Morocco,MA,+212,ğŸ‡²ğŸ‡¦
Monaco,MC,+377,ğŸ‡²ğŸ‡¨
Moldova,MD,+373,ğŸ‡²ğŸ‡©
Madagascar,MG,+261,ğŸ‡²ğŸ‡¬
Maldives,MV,+960,ğŸ‡²ğŸ‡»
Mexico,MX,+52,ğŸ‡²ğŸ‡½
"Marshall Islands",MH,+692,ğŸ‡²ğŸ‡­
"North Macedonia",MK,+389,ğŸ‡²ğŸ‡°
Mali,ML,+223,ğŸ‡²ğŸ‡±
Malta,MT,+356,ğŸ‡²ğŸ‡¹
Myanmar,MM,+95,ğŸ‡²ğŸ‡²
Montenegro,ME,+382,ğŸ‡²ğŸ‡ª
Mongolia,MN,+976,ğŸ‡²ğŸ‡³
"Northern Mariana Islands",MP,+1670,ğŸ‡²ğŸ‡µ
Mozambique,MZ,+258,ğŸ‡²ğŸ‡¿
Mauritania,MR,+222,ğŸ‡²ğŸ‡·
Montserrat,MS,+1664,ğŸ‡²ğŸ‡¸
Martinique,MQ,+596,ğŸ‡²ğŸ‡¶
Mauritius,MU,+230,ğŸ‡²ğŸ‡º
Malawi,MW,+265,ğŸ‡²ğŸ‡¼
Malaysia,MY,+60,ğŸ‡²ğŸ‡¾
Mayotte,YT,+262,ğŸ‡¾ğŸ‡¹
Namibia,NA,+264,ğŸ‡³ğŸ‡¦
"New Caledonia",NC,+687,ğŸ‡³ğŸ‡¨
Niger,NE,+227,ğŸ‡³ğŸ‡ª
"Norfolk Island",NF,+672,ğŸ‡³ğŸ‡«
Nigeria,NG,+234,ğŸ‡³ğŸ‡¬
Nicaragua,NI,+505,ğŸ‡³ğŸ‡®
Niue,NU,+683,ğŸ‡³ğŸ‡º
Netherlands,NL,+31,ğŸ‡³ğŸ‡±
Norway,NO,+47,ğŸ‡³ğŸ‡´
Nepal,NP,+977,ğŸ‡³ğŸ‡µ
Nauru,NR,+674,ğŸ‡³ğŸ‡·
"New Zealand",NZ,+64,ğŸ‡³ğŸ‡¿
Oman,OM,+968,ğŸ‡´ğŸ‡²
Pakistan,PK,+92,ğŸ‡µğŸ‡°
Panama,PA,+507,ğŸ‡µğŸ‡¦
"Pitcairn Islands",PN,+64,ğŸ‡µğŸ‡³
Peru,PE,+51,ğŸ‡µğŸ‡ª
Philippines,PH,+63,ğŸ‡µğŸ‡­
Palau,PW,+680,ğŸ‡µğŸ‡¼
"Papua New Guinea",PG,+675,ğŸ‡µğŸ‡¬
Poland,PL,+48,ğŸ‡µğŸ‡±
"Puerto Rico",PR,+1787,ğŸ‡µğŸ‡·
"North Korea",KP,+850,ğŸ‡°ğŸ‡µ
Portugal,PT,+351,ğŸ‡µğŸ‡¹
Paraguay,PY,+595,ğŸ‡µğŸ‡¾
Palestine,PS,+970,ğŸ‡µğŸ‡¸
"French Polynesia",PF,+689,ğŸ‡µğŸ‡«
Qatar,QA,+974,ğŸ‡¶ğŸ‡¦
RÃ©union,RE,+262,ğŸ‡·ğŸ‡ª
Romania,RO,+40,ğŸ‡·ğŸ‡´
Russia,RU,+73,ğŸ‡·ğŸ‡º
Rwanda,RW,+250,ğŸ‡·ğŸ‡¼
"Saudi Arabia",SA,+966,ğŸ‡¸ğŸ‡¦
Sudan,SD,+249,ğŸ‡¸ğŸ‡©
Senegal,SN,+221,ğŸ‡¸ğŸ‡³
Singapore,SG,+65,ğŸ‡¸ğŸ‡¬
"South Georgia",GS,+500,ğŸ‡¬ğŸ‡¸
"Svalbard and Jan Mayen",SJ,+4779,ğŸ‡¸ğŸ‡¯
"Solomon Islands",SB,+677,ğŸ‡¸ğŸ‡§
"Sierra Leone",SL,+232,ğŸ‡¸ğŸ‡±
"El Salvador",SV,+503,ğŸ‡¸ğŸ‡»
"San Marino",SM,+378,ğŸ‡¸ğŸ‡²
Somalia,SO,+252,ğŸ‡¸ğŸ‡´
"Saint Pierre and Miquelon",PM,+508,ğŸ‡µğŸ‡²
Serbia,RS,+381,ğŸ‡·ğŸ‡¸
"South Sudan",SS,+211,ğŸ‡¸ğŸ‡¸
"SÃ£o TomÃ© and PrÃ­ncipe",ST,+239,ğŸ‡¸ğŸ‡¹
Suriname,SR,+597,ğŸ‡¸ğŸ‡·
Slovakia,SK,+421,ğŸ‡¸ğŸ‡°
Slovenia,SI,+386,ğŸ‡¸ğŸ‡®
Sweden,SE,+46,ğŸ‡¸ğŸ‡ª
Eswatini,SZ,+268,ğŸ‡¸ğŸ‡¿
"Sint Maarten",SX,+1721,ğŸ‡¸ğŸ‡½
Seychelles,SC,+248,ğŸ‡¸ğŸ‡¨
Syria,SY,+963,ğŸ‡¸ğŸ‡¾
"Turks and Caicos Islands",TC,+1649,ğŸ‡¹ğŸ‡¨
Chad,TD,+235,ğŸ‡¹ğŸ‡©
Togo,TG,+228,ğŸ‡¹ğŸ‡¬
Thailand,TH,+66,ğŸ‡¹ğŸ‡­
Tajikistan,TJ,+992,ğŸ‡¹ğŸ‡¯
Tokelau,TK,+690,ğŸ‡¹ğŸ‡°
Turkmenistan,TM,+993,ğŸ‡¹ğŸ‡²
Timor-Leste,TL,+670,ğŸ‡¹ğŸ‡±
Tonga,TO,+676,ğŸ‡¹ğŸ‡´
"Trinidad and Tobago",TT,+1868,ğŸ‡¹ğŸ‡¹
Tunisia,TN,+216,ğŸ‡¹ğŸ‡³
TÃ¼rkiye,TR,+90,ğŸ‡¹ğŸ‡·
Tuvalu,TV,+688,ğŸ‡¹ğŸ‡»
Taiwan,TW,+886,ğŸ‡¹ğŸ‡¼
Tanzania,TZ,+255,ğŸ‡¹ğŸ‡¿
Uganda,UG,+256,ğŸ‡ºğŸ‡¬
Ukraine,UA,+380,ğŸ‡ºğŸ‡¦
"United States Minor Outlying Islands",UM,+268,ğŸ‡ºğŸ‡²
Uruguay,UY,+598,ğŸ‡ºğŸ‡¾
"United States",US,+1201,ğŸ‡ºğŸ‡¸
Uzbekistan,UZ,+998,ğŸ‡ºğŸ‡¿
"Vatican City",VA,+3906698,ğŸ‡»ğŸ‡¦
"Saint Vincent and the Grenadines",VC,+1784,ğŸ‡»ğŸ‡¨
Venezuela,VE,+58,ğŸ‡»ğŸ‡ª
"British Virgin Islands",VG,+1284,ğŸ‡»ğŸ‡¬
"United States Virgin Islands",VI,+1340,ğŸ‡»ğŸ‡®
Vietnam,VN,+84,ğŸ‡»ğŸ‡³
Vanuatu,VU,+678,ğŸ‡»ğŸ‡º
"Wallis and Futuna",WF,+681,ğŸ‡¼ğŸ‡«
Samoa,WS,+685,ğŸ‡¼ğŸ‡¸
Yemen,YE,+967,ğŸ‡¾ğŸ‡ª
"South Africa",ZA,+27,ğŸ‡¿ğŸ‡¦
Zambia,ZM,+260,ğŸ‡¿ğŸ‡²
Zimbabwe,ZW,+263,ğŸ‡¿ğŸ‡¼
